{
  "project_info": {
    "project_number": "961104044701",
    "project_id": "aplikasikontak-amd",
    "storage_bucket": "aplikasikontak-amd.appspot.com"
  },
  "client": [
    {
      "client_info": {
        "mobilesdk_app_id": "1:961104044701:android:5ce427a4f1dc6c580caa74",
        "android_client_info": {
          "package_name": "io.conta"
        }
      },
      "oauth_client": [
        {
          "client_id": "961104044701-73ecc37rldn25irlsavb3gqs8d39ls75.apps.googleusercontent.com",
          "client_type": 3
        }
      ],
      "api_key": [
        {
          "current_key": "AIzaSyBNpyAfWU1jzFo0alfjzPNHD_FW0gm_ZRY"
        }
      ],
      "services": {
        "appinvite_service": {
          "other_platform_oauth_client": [
            {
              "client_id": "961104044701-73ecc37rldn25irlsavb3gqs8d39ls75.apps.googleusercontent.com",
              "client_type": 3
            }
          ]
        }
      }
    }
  ],
  "configuration_version": "1"
}